threshold,accuracy,balanced_accuracy,precision_attack,recall_attack,f1_attack,f2_attack,specificity,false_positive_rate,false_negative_rate,roc_auc,pr_auc,matthews_correlation,true_negative,false_positive,false_negative,true_positive,errors
0.0001855760236446766,0.24350901406020875,0.5013240621903076,0.24198646713093297,1.0,0.38967649573499297,0.6148199272179696,0.0026481243806150798,0.9973518756193849,0.0,0.9999442960907048,0.9998158301870348,0.02531423045222456,163,61390,0,19598,61390
0.0002076730325658019,0.5914652930955873,0.730695498188553,0.3715190233360505,1.0,0.541762843992315,0.7471996217869044,0.4613909963771059,0.5386090036228941,0.0,0.9999442960907048,0.9998158301870348,0.414023589122733,28400,33153,0,19598,33153
0.00022328699617353112,0.6012002316668926,0.7371127321170373,0.37716749100286756,1.0,0.5477438197850725,0.7517280001227437,0.4742254642340747,0.5257745357659253,0.0,0.9999442960907048,0.9998158301870348,0.4229213029806326,29190,32363,0,19598,32363
0.0002408293221352138,0.611502014762603,0.7439036277679398,0.38333496332518335,1.0,0.5542185710447803,0.7565802172687756,0.48780725553587967,0.5121927444641203,0.0,0.9999442960907048,0.9998158301870348,0.4324275389132898,30026,31527,0,19598,31527
0.0002550538892032847,0.6214834074749541,0.7504833233148669,0.38950611149756537,1.0,0.5606396521390872,0.7613416519692013,0.5009666466297338,0.4990333533702663,0.0,0.9999442960907048,0.9998158301870348,0.44173472867629787,30836,30717,0,19598,30717
0.0002716879202441649,0.6306884696430112,0.7565512647636996,0.3953760490639122,1.0,0.5666946187433132,0.7657861831822445,0.5131025295273991,0.48689747047260085,0.0,0.9999442960907048,0.9998158301870348,0.45040920382385885,31583,29970,0,19598,29970
0.00028039497464486015,0.6411504479304013,0.7634477604665897,0.4022660563640469,1.0,0.5737371371693722,0.7709010235148807,0.5268955209331795,0.47310447906682046,0.0,0.9999442960907048,0.9998158301870348,0.46038264880604507,32432,29121,0,19598,29121
0.00029225111882493594,0.651501521854321,0.7702711484411808,0.4093235029971386,1.0,0.5808794107621856,0.7760293337345867,0.5405422968823616,0.45945770311763845,0.0,0.9999442960907048,0.9998158301870348,0.4703792793884607,33272,28281,0,19598,28281
0.0003089226940005189,0.661396655617306,0.7767939824216529,0.4163055484748067,1.0,0.5878753337132916,0.7809959511588612,0.5535879648433057,0.44641203515669425,0.0,0.9999442960907048,0.9998158301870348,0.4800643095806482,34075,27478,0,19598,27478
0.0003169768108915737,0.6713287575014479,0.7833411856448914,0.42355738059217635,1.0,0.5950689257302484,0.7860454669426128,0.5666823712897828,0.43331762871021723,0.0,0.9999442960907048,0.9998158301870348,0.48992091281273503,34881,26672,0,19598,26672
0.0003270105902380767,0.6802257519931979,0.7892060500706708,0.4302713620795644,1.0,0.6016639548091978,0.7906244957237373,0.5784121001413416,0.4215878998586584,0.0,0.9999442960907048,0.9998158301870348,0.4988728917982179,35603,25950,0,19598,25950
0.0003427281192390251,0.691464060824882,0.7966142998716553,0.4390626400215073,1.0,0.6102064327303297,0.7964853529277888,0.5932285997433107,0.40677140025668934,0.0,0.9999442960907048,0.9998158301870348,0.5103572426639599,36515,25038,0,19598,25038
0.00035028292382955516,0.7012975810526056,0.8030965184475167,0.44705506638076553,1.0,0.617882590327259,0.8016853472960812,0.6061930368950336,0.39380696310496643,0.0,0.9999442960907048,0.9998158301870348,0.5205782057949286,37313,24240,0,19598,24240
0.0003667553406346582,0.7114761370777932,0.8098061832891978,0.45564028643169346,1.0,0.6260341798434755,0.8071397977002405,0.6196123665783958,0.38038763342160414,0.0,0.9999442960907048,0.9998158301870348,0.5313382690757364,38139,23414,0,19598,23414
0.000378696630510513,0.7213096573055169,0.8162884018650594,0.46425356516795374,1.0,0.6341163528117517,0.8124803077790491,0.6325768037301187,0.36742319626988124,0.0,0.9999442960907048,0.9998158301870348,0.5419188466682595,38937,22616,0,19598,22616
0.00039191836452981985,0.7314389225024953,0.822965574383052,0.4734731349052957,1.0,0.6426627315953435,0.818055833834235,0.645931148766104,0.354068851233896,0.0,0.9999442960907048,0.9998158301870348,0.5530199326780783,39759,21794,0,19598,21794
0.00040019250546896346,0.7414449606289509,0.8295615160918233,0.4829472646623953,1.0,0.6513343746884244,0.8236391756043439,0.6591230321836467,0.3408769678163534,0.0,0.9999442960907048,0.9998158301870348,0.5642000225709638,40571,20982,0,19598,20982
0.00042581800050366293,0.7514879668765635,0.836181827043361,0.49284546711932603,1.0,0.660276603271398,0.8293203111114873,0.672363654086722,0.327636345913278,0.0,0.9999442960907048,0.9998158301870348,0.5756486594898206,41386,20167,0,19598,20167
0.00044706769271963127,0.7614940050030191,0.8427777687521323,0.5031191435832927,1.0,0.669433485337569,0.8350590140184925,0.6855555375042646,0.3144444624957354,0.0,0.9999442960907048,0.9998158301870348,0.5872955941499387,42198,19355,0,19598,19355
0.00046796893299994876,0.7712166208672722,0.8491868795996946,0.5135205953254376,1.0,0.6785776115785465,0.8407117608703113,0.6983737591993892,0.30162624080061085,0.0,0.9999442960907048,0.9998158301870348,0.598856667812703,42987,18566,0,19598,18566
0.0004894995327979198,0.781493758548878,0.8559615290887528,0.5249933029734798,1.0,0.6885188308038224,0.8467707091132196,0.7119230581775056,0.28807694182249444,0.0,0.9999442960907048,0.9998158301870348,0.6113549196461818,43821,17732,0,19598,17732
0.000519482235855058,0.7910192111002945,0.862240670641561,0.5360943184615805,1.0,0.69799661650788,0.8524650062201498,0.7244813412831219,0.27551865871687814,0.0,0.9999442960907048,0.9998158301870348,0.6232097005770264,44594,16959,0,19598,16959
0.0005440271771358407,0.8015058348017893,0.8691534125062954,0.5488713381504509,1.0,0.7087371618689425,0.8588231169696227,0.7383068250125908,0.26169317498740924,0.0,0.9999442960907048,0.9998158301870348,0.636581067115785,45445,16108,0,19598,16108
0.0005739979394471381,0.8114995502211926,0.8757412311341446,0.561627740363949,1.0,0.7192850457856973,0.8649712676653102,0.7514824622682891,0.2485175377317109,0.0,0.9999442960907048,0.9998158301870348,0.6496563685571595,46256,15297,0,19598,15297
0.0006026658863231564,0.8215055883476482,0.8823371728429159,0.5750080685385676,1.0,0.7301652353719194,0.8712158257390531,0.7646743456858317,0.23532565431416827,0.0,0.9999442960907048,0.9998158301870348,0.6630942003771433,47068,14485,0,19598,14485
0.0006311327027896752,0.8314993037670515,0.8889249914707651,0.5890238037989901,1.0,0.7413656137696236,0.8775433443186703,0.7778499829415301,0.22215001705846993,0.0,0.9999442960907048,0.9998158301870348,0.6768841523755743,47879,13674,0,19598,13674
0.0006698345935874622,0.8414930191864549,0.8955128100986143,0.6037398724623394,1.0,0.7529149618701858,0.8839634470875845,0.7910256201972284,0.2089743798027716,0.0,0.9999442960907048,0.9998158301870348,0.6910670785476021,48690,12863,0,19598,12863
0.0007250314495810252,0.8514990573129105,0.9021087518073855,0.6192296755031754,1.0,0.7648447714012527,0.8904862732981343,0.804217503614771,0.195782496385229,0.0,0.9999442960907048,0.9998158301870348,0.7056878515302276,49502,12051,0,19598,12051
0.0007702883876500659,0.8608027011373859,0.9082416779035953,0.6343626594160678,1.0,0.7762813911114632,0.8966381787237158,0.8164833558071906,0.18351664419280944,0.0,0.9999442960907048,0.9998158301870348,0.7196850373314738,50257,11296,0,19598,11296
0.000835892751011933,0.8712030658895146,0.9150975582018748,0.6521797004991681,1.0,0.7894779245891073,0.9036166798841777,0.8301951164037497,0.16980488359625037,0.0,0.9999442960907048,0.9998158301870348,0.7358236217817891,51101,10452,0,19598,10452
0.0008933224234958059,0.8814925262781728,0.9218803307718552,0.6708197843573507,1.0,0.8029828119558314,0.9106284907115708,0.8437606615437103,0.1562393384562897,0.0,0.9999442960907048,0.9998158301870348,0.7523372548438415,51936,9617,0,19598,9617
0.000980739932312927,0.8914985644046284,0.9284762724806265,0.6899975354716051,1.0,0.816566321534968,0.9175523198651623,0.856952544961253,0.1430474550387471,0.0,0.9999442960907048,0.9998158301870348,0.7689571795876441,52748,8805,0,19598,8805
0.0010677472085372653,0.9013813754605612,0.9349909833801764,0.7100467374370494,1.0,0.8304413229093837,0.9244950138216674,0.8699819667603529,0.13001803323964714,0.0,0.9999442960907048,0.9998158301870348,0.7859566509211918,53550,8003,0,19598,8003
0.0011841569661616858,0.9112518638094417,0.9414975711988043,0.7312686567164179,1.0,0.8447777921462132,0.9315347174690091,0.8829951423976086,0.11700485760239143,0.0,0.9999442960907048,0.9998158301870348,0.8035587543348783,54351,7202,0,19598,7202
0.0013231565865200788,0.9214797106628384,0.9482397283641739,0.7546399691952252,1.0,0.8601650280898876,0.9389432935359614,0.896479456728348,0.10352054327165207,0.0,0.9999442960907048,0.9998158301870348,0.8225078903023562,55181,6372,0,19598,6372
0.0015487247131816227,0.9314980714963463,0.9548437931538674,0.7790277060062806,1.0,0.8757904144788292,0.946315271031106,0.9096875863077348,0.0903124136922652,0.0,0.9999442960907048,0.9998158301870348,0.8418264866014283,55994,5559,0,19598,5559
0.0019062790636476873,0.941504109622802,0.9614397348626387,0.8050112959539947,1.0,0.8919736931934552,0.9537946406844662,0.9228794697252775,0.0771205302747226,0.0,0.9999442960907048,0.9998158301870348,0.861932942828432,56806,4747,0,19598,4747
0.0023141111333733755,0.9514731796281007,0.9680113073286436,0.832681849082257,1.0,0.9087031112347568,0.9613648850168747,0.9360226146572872,0.06397738534271279,0.0,0.9999442960907048,0.9998158301870348,0.8828414589016755,57615,3938,0,19598,3938
0.002981690739925066,0.9614915404616086,0.974615372118337,0.8624741451392862,1.0,0.9261595898017533,0.9690945952628196,0.9492307442366741,0.050769255763325916,0.0,0.9999442960907048,0.9998158301870348,0.9048132264039104,58428,3125,0,19598,3125
0.004180123693957604,0.9712511244470186,0.9810488522086658,0.8936209019196572,1.0,0.9438223891738303,0.9767451132840924,0.9620977044173314,0.037902295582668596,0.0,0.9999442960907048,0.9998158301870348,0.927227382229541,59220,2333,0,19598,2333
0.007076730160327672,0.9814543258863107,0.9877747632121912,0.9286831256219494,1.0,0.9630230215473822,0.9848736117392833,0.9755495264243822,0.02445047357561776,0.0,0.9999442960907048,0.9998158301870348,0.9518279169045254,60048,1505,0,19598,1505
0.01,0.9866914763835319,0.9912270726040973,0.9477705774252829,1.0,0.9731850233389612,0.9890986171393964,0.9824541452081945,0.017545854791805437,0.0,0.9999442960907048,0.9998158301870348,0.9649565443572231,60473,1080,0,19598,1080
0.017875930295531767,0.9913001688210866,0.9941259870569171,0.9655954258675079,0.9995917950811307,0.9822995537281252,0.9926023510336441,0.9886601790327035,0.011339820967296476,0.0004082049188692724,0.9999442960907048,0.9998158301870348,0.976791527017509,60855,698,8,19590,706
0.02,0.9919902404160146,0.9945808795885565,0.9682680901542111,0.9995917950811307,0.9836806427316094,0.993165963659961,0.9895699640959823,0.010430035904017676,0.0004082049188692724,0.9999442960907048,0.9998158301870348,0.978592800296078,60911,642,8,19590,650
0.03,0.9938756145950143,0.9958063212431355,0.9756935797180853,0.999540769466272,0.9874732199117833,0.9946785282677797,0.992071873019999,0.007928126980000975,0.0004592305337279314,0.9999442960907048,0.9998158301870348,0.9835466245198569,61065,488,9,19589,497
0.04,0.9947628495027788,0.9963737933430219,0.979253112033195,0.9994897438514134,0.9892679477790964,0.9953757812896997,0.9932578428346304,0.006742157165369681,0.0005102561485865905,0.9999442960907048,0.9998158301870348,0.9858949295548638,61138,415,10,19588,425
0.05,0.9954529210977068,0.9968112961481541,0.9820506392579594,0.9994387182365547,0.9906683863136333,0.99591201684005,0.9941838740597534,0.005816125940246617,0.0005612817634452495,0.9999442960907048,0.9998158301870348,0.987729278272681,61195,358,11,19587,369
0.060000000000000005,0.9959704747939028,0.9971524655468835,0.9841229965331859,0.9994387182365547,0.9917217285638338,0.9963375553181749,0.9948662128572124,0.005133787142787516,0.0005612817634452495,0.9999442960907048,0.9998158301870348,0.9891105971406106,61237,316,11,19587,327
0.06999999999999999,0.9966605463888307,0.997607358078523,0.9868997833425707,0.9994387182365547,0.9931296742299405,0.9969055059599548,0.9957759979204913,0.004224002079508716,0.0005612817634452495,0.9999442960907048,0.9998158301870348,0.9909584313953128,61293,260,11,19587,271
0.08,0.9969562913580855,0.9978023120206542,0.9880946375422489,0.9994387182365547,0.9937343040511403,0.9971491116428244,0.9961659058047536,0.003834094195246373,0.0005612817634452495,0.9999442960907048,0.9998158301870348,0.9917524968832971,61317,236,11,19587,247
0.09,0.9970918411356606,0.9978916659107977,0.9886432465172623,0.9994387182365547,0.9940116721644253,0.9972608040405686,0.9963446135850406,0.0036553864149594657,0.0005612817634452495,0.9999442960907048,0.9998158301870348,0.9921168736206671,61328,225,11,19587,236
0.09999999999999999,0.9973506179837587,0.9980448608836552,0.9897417757339936,0.9993876926216961,0.9945413461294336,0.9974434972143287,0.9967020291456143,0.0032979708543856515,0.0006123073783039086,0.9999442960907048,0.9998158301870348,0.9928125774479652,61350,203,12,19586,215
0.11,0.9974122315190201,0.9980854762882658,0.9899919126566923,0.9993876926216961,0.9946676146462851,0.997494295958279,0.9967832599548356,0.00321674004516433,0.0006123073783039086,0.9999442960907048,0.9998158301870348,0.9929785448779503,61355,198,12,19586,210
0.12,0.9974861677613338,0.9981342147737987,0.9902922439073718,0.9993876926216961,0.994819179195449,0.9975552612814506,0.9968807369259013,0.0031192630740987442,0.0006123073783039086,0.9999442960907048,0.9998158301870348,0.993177779921089,61361,192,12,19586,204
0.13,0.9976217175389089,0.9982235686639421,0.9908433247331411,0.9993876926216961,0.995097167534612,0.9976670503978239,0.9970594447061881,0.002940555293811837,0.0006123073783039086,0.9999442960907048,0.9998158301870348,0.9935432543884116,61372,181,12,19586,193
0.14,0.9976217175389089,0.9982061789374349,0.9908929926637996,0.9993366670068374,0.995096918425933,0.9976364395814868,0.9970756908680324,0.0029243091319675727,0.0006633329931625676,0.9999442960907048,0.9998158301870348,0.9935426555119851,61373,180,13,19585,193
0.15000000000000002,0.9976463629530136,0.9982224250992793,0.9909932702524921,0.9993366670068374,0.9951474810091206,0.9976567673577506,0.997108183191721,0.002891816808279044,0.0006633329931625676,0.9999442960907048,0.9998158301870348,0.9936091413722371,61375,178,13,19585,191
0.16,0.9977695900235364,0.9983036559085006,0.9914949627904622,0.9993366670068374,0.9954003710197962,0.9977584186662591,0.9972706448101636,0.002729355189836401,0.0006633329931625676,0.9999442960907048,0.9998158301870348,0.9939417058411859,61385,168,13,19585,181
0.17,0.9978065581446932,0.998328025151267,0.9916455696202532,0.9993366670068374,0.9954762630883399,0.9977889180982658,0.9973193832956964,0.0026806167043036083,0.0006633329931625676,0.9999442960907048,0.9998158301870348,0.9940415191391492,61388,165,13,19585,178
0.18000000000000002,0.997880494387007,0.9983767636367997,0.9919469205834684,0.9993366670068374,0.9956280819480453,0.9978499225564522,0.997416860266762,0.0025831397332380223,0.0006633329931625676,0.9999442960907048,0.9998158301870348,0.9942412066477656,61394,159,13,19585,172
0.19,0.9978928170940592,0.9983327175382002,0.9921467294928307,0.9991835901622614,0.9956527265793822,0.9977682438422892,0.997481844914139,0.0025181550858609653,0.0008164098377385448,0.9999442960907048,0.9998158301870348,0.9942729472523265,61398,155,16,19582,171
0.2,0.9979174625081638,0.9983489637000444,0.9922472764124651,0.9991835901622614,0.9957033534182493,0.9977885801053736,0.9975143372378276,0.0024856627621724367,0.0008164098377385448,0.9999442960907048,0.9998158301870348,0.9943395525110038,61400,153,16,19582,169
0.21000000000000002,0.9980160441645821,0.9983791688944073,0.992749581706637,0.9990815389325441,0.9959054957910531,0.997808693879631,0.9976767988562703,0.0023232011437297937,0.0009184610674558628,0.9999442960907048,0.9998158301870348,0.9946051210465703,61410,143,18,19580,161
0.22,0.998053012285739,0.9984035381371736,0.9929006085192698,0.9990815389325441,0.9959814843074419,0.9978392041748206,0.997725537341803,0.002274462658197001,0.0009184610674558628,0.9999442960907048,0.9998158301870348,0.9947051203755815,61413,140,18,19580,158
0.23,0.9980776576998435,0.9984023945725107,0.9930513288699533,0.9990305133176854,0.9960319479065981,0.9978289232274636,0.9977742758273358,0.002225724172664208,0.0009694866823145219,0.9999442960907048,0.9998158301870348,0.9947713499628998,61416,137,19,19579,156
0.24000000000000002,0.9980899804068958,0.9984105176534328,0.9931016992137967,0.9990305133176854,0.9960572838501259,0.9978390940503735,0.9977905219891801,0.002209478010819944,0.0009694866823145219,0.9999442960907048,0.9998158301870348,0.9948046955013246,61417,136,19,19579,155
0.25,0.9981023031139481,0.9984186407343549,0.9931520746677488,0.9990305133176854,0.9960826210826211,0.9978492650806271,0.9978067681510243,0.0021932318489756796,0.0009694866823145219,0.9999442960907048,0.9998158301870348,0.994838043304815,61418,135,19,19579,154
0.26,0.9980899804068958,0.9983931279269256,0.9931517272865622,0.9989794877028269,0.9960570832591387,0.9978084705162835,0.9978067681510243,0.0021932318489756796,0.001020512297173181,0.9999442960907048,0.9998158301870348,0.9948042553595282,61418,135,20,19578,155
0.27,0.9981515939421572,0.9984337433315362,0.9934036939313984,0.9989794877028269,0.9961837887345444,0.9978593272171253,0.9978879989602456,0.002112001039754358,0.001020512297173181,0.9999442960907048,0.9998158301870348,0.9949710339101496,61423,130,20,19578,150
0.28,0.9981885620633141,0.9984581125743026,0.9935549352956102,0.9989794877028269,0.9962598274940844,0.9978898437261078,0.9979367374457785,0.002063262554221565,0.001020512297173181,0.9999442960907048,0.9998158301870348,0.9950711282417511,61426,127,20,19578,147
0.29000000000000004,0.9982132074774186,0.9984569690096396,0.9937059032536419,0.9989284620879681,0.9963103386854627,0.9978795632715892,0.9979854759313113,0.0020145240686887723,0.00107153791203184,0.9999442960907048,0.9998158301870348,0.9951374672010045,61429,124,21,19577,145
0.3,0.9982132074774186,0.9984569690096396,0.9937059032536419,0.9989284620879681,0.9963103386854627,0.9978795632715892,0.9979854759313113,0.0020145240686887723,0.00107153791203184,0.9999442960907048,0.9998158301870348,0.9951374672010045,61429,124,21,19577,145
0.31,0.9982132074774186,0.9984569690096396,0.9937059032536419,0.9989284620879681,0.9963103386854627,0.9978795632715892,0.9979854759313113,0.0020145240686887723,0.00107153791203184,0.9999442960907048,0.9998158301870348,0.9951374672010045,61429,124,21,19577,145
0.32,0.9982255301844709,0.9984650920905618,0.993756345177665,0.9989284620879681,0.9963356913837854,0.9978897361660481,0.9980017220931555,0.001998277906844508,0.00107153791203184,0.9999442960907048,0.9998158301870348,0.9951708444296942,61430,123,21,19577,144
0.33,0.9982378528915232,0.9984732151714839,0.9938067922229554,0.9989284620879681,0.9963610453724203,0.9978999092679247,0.9980179682549998,0.0019820317450002438,0.00107153791203184,0.9999442960907048,0.9998158301870348,0.9952042239275292,61431,122,21,19577,143
0.34,0.9982378528915232,0.9984732151714839,0.9938067922229554,0.9989284620879681,0.9963610453724203,0.9978999092679247,0.9980179682549998,0.0019820317450002438,0.00107153791203184,0.9999442960907048,0.9998158301870348,0.9952042239275292,61431,122,21,19577,143
0.35000000000000003,0.9982748210126801,0.9984975844142503,0.9939581640942323,0.9989284620879681,0.9964371150811828,0.9979304298181225,0.9980667067405325,0.0019332932594674508,0.00107153791203184,0.9999442960907048,0.9998158301870348,0.9953043760387843,61434,119,21,19577,140
0.36000000000000004,0.9983117891338369,0.9985219536570167,0.9941095820850048,0.9989284620879681,0.9965131964063016,0.9979609522353061,0.9981154452260653,0.001884554773934658,0.00107153791203184,0.9999442960907048,0.9998158301870348,0.9954045485827094,61437,116,21,19577,137
0.37,0.9983117891338369,0.9985045639305095,0.9941597684221218,0.9988774364731094,0.9965130189111456,0.99793032431716,0.9981316913879096,0.0018683086120903937,0.001122563526890499,0.9999442960907048,0.9998158301870348,0.995404178148985,61438,115,22,19576,137
0.38,0.9983241118408892,0.9985126870114316,0.9942102590147283,0.9988774364731094,0.9965383832213398,0.9979404987663384,0.9981479375497538,0.0018520624502461292,0.001122563526890499,0.9999442960907048,0.9998158301870348,0.9954375769229891,61439,114,22,19576,136
0.39,0.998361079962046,0.998537056254198,0.9943617615685477,0.9988774364731094,0.9966144838997073,0.997971023358721,0.9981966760352866,0.0018033239647133365,0.001122563526890499,0.9999442960907048,0.9998158301870348,0.9955377868776115,61442,111,22,19576,133
0.4,0.998361079962046,0.998537056254198,0.9943617615685477,0.9988774364731094,0.9966144838997073,0.997971023358721,0.9981966760352866,0.0018033239647133365,0.001122563526890499,0.9999442960907048,0.9998158301870348,0.9955377868776115,61442,111,22,19576,133
0.41000000000000003,0.998361079962046,0.998537056254198,0.9943617615685477,0.9988774364731094,0.9966144838997073,0.997971023358721,0.9981966760352866,0.0018033239647133365,0.001122563526890499,0.9999442960907048,0.9998158301870348,0.9955377868776115,61442,111,22,19576,133
0.42000000000000004,0.9983734026690984,0.9985451793351202,0.9944122726810931,0.9988774364731094,0.99663985337542,0.9979811986378189,0.998212922197131,0.0017870778028690722,0.001122563526890499,0.9999442960907048,0.9998158301870348,0.9955711947409834,61443,110,22,19576,132
0.43,0.998361079962046,0.998519666527691,0.9944119888239776,0.9988264108582509,0.9966143115342515,0.9979403937722402,0.998212922197131,0.0017870778028690722,0.001173589141749158,0.9999442960907048,0.9998158301870348,0.9955374344361241,61443,110,23,19575,133
0.44,0.9983734026690984,0.9985277896086131,0.9944625076204023,0.9988264108582509,0.9966396822972354,0.9979505689465312,0.9982291683589752,0.001770831641024808,0.001173589141749158,0.9999442960907048,0.9998158301870348,0.9955708456861229,61444,109,23,19575,132
0.45,0.9983734026690984,0.9985277896086131,0.9944625076204023,0.9988264108582509,0.9966396822972354,0.9979505689465312,0.9982291683589752,0.001770831641024808,0.001173589141749158,0.9999442960907048,0.9998158301870348,0.9955708456861229,61444,109,23,19575,132
0.46,0.9983857253761507,0.9985359126895352,0.9945130315500685,0.9988264108582509,0.9966650543519768,0.9979607443283202,0.9982454145208195,0.0017545854791805437,0.001173589141749158,0.9999442960907048,0.9998158301870348,0.9956042592096458,61445,108,23,19575,131
0.47000000000000003,0.9983857253761507,0.9985359126895352,0.9945130315500685,0.9988264108582509,0.9966650543519768,0.9979607443283202,0.9982454145208195,0.0017545854791805437,0.001173589141749158,0.9999442960907048,0.9998158301870348,0.9956042592096458,61445,108,23,19575,131
0.48000000000000004,0.9984103707902552,0.9985521588513795,0.9946140948122555,0.9988264108582509,0.9967158023371268,0.9979810957144168,0.998277906844508,0.001722093155492015,0.001173589141749158,0.9999442960907048,0.9998158301870348,0.9956710930784181,61447,106,23,19575,129
0.49,0.9984103707902552,0.9985521588513795,0.9946140948122555,0.9988264108582509,0.9967158023371268,0.9979810957144168,0.998277906844508,0.001722093155492015,0.001173589141749158,0.9999442960907048,0.9998158301870348,0.9956710930784181,61447,106,23,19575,129
0.5,0.9983980480832029,0.9985266460439501,0.9946138211382114,0.9987753852433922,0.9966902591781659,0.9979402887674361,0.998277906844508,0.001722093155492015,0.0012246147566078172,0.9999442960907048,0.9998158301870348,0.9956373371828589,61447,106,24,19574,130
0.51,0.9983980480832029,0.9985266460439501,0.9946138211382114,0.9987753852433922,0.9966902591781659,0.9979402887674361,0.998277906844508,0.001722093155492015,0.0012246147566078172,0.9999442960907048,0.9998158301870348,0.9956373371828589,61447,106,24,19574,130
0.52,0.9984226934973075,0.9985428922057944,0.9947149100518345,0.9987753852433922,0.9967410123230471,0.9979606403589273,0.9983103991681965,0.0016896008318034864,0.0012246147566078172,0.9999442960907048,0.9998158301870348,0.9957041823779902,61449,104,24,19574,128
0.53,0.9984226934973075,0.9985428922057944,0.9947149100518345,0.9987753852433922,0.9967410123230471,0.9979606403589273,0.9983103991681965,0.0016896008318034864,0.0012246147566078172,0.9999442960907048,0.9998158301870348,0.9957041823779902,61449,104,24,19574,128
0.54,0.9984226934973075,0.9985428922057944,0.9947149100518345,0.9987753852433922,0.9967410123230471,0.9979606403589273,0.9983103991681965,0.0016896008318034864,0.0012246147566078172,0.9999442960907048,0.9998158301870348,0.9957041823779902,61449,104,24,19574,128
0.55,0.9984350162043598,0.9985510152867165,0.9947654622147685,0.9987753852433922,0.9967663908338638,0.9979708164659576,0.9983266453300408,0.0016733546699592222,0.0012246147566078172,0.9999442960907048,0.9998158301870348,0.9957376083881221,61450,103,24,19574,127
0.56,0.998447338911412,0.9985591383676387,0.9948160195161618,0.9987753852433922,0.9967917706370627,0.9979809927805197,0.998342891491885,0.001657108508114958,0.0012246147566078172,0.9999442960907048,0.9998158301870348,0.9957710366736833,61451,102,24,19574,126
0.5700000000000001,0.9984596616184643,0.9985324819955463,0.9949672106146104,0.9986733340136749,0.9968168275229825,0.9979299022057249,0.9983916299774178,0.001608370022582165,0.0013266659863251352,0.9999442960907048,0.9998158301870348,0.995803838865361,61454,99,26,19572,125
0.5800000000000001,0.9984596616184643,0.9985324819955463,0.9949672106146104,0.9986733340136749,0.9968168275229825,0.9979299022057249,0.9983916299774178,0.001608370022582165,0.0013266659863251352,0.9999442960907048,0.9998158301870348,0.995803838865361,61454,99,26,19572,125
0.59,0.9984966297396212,0.9985394615118055,0.9951693277738228,0.9986223083988162,0.9968928280358598,0.9979297966509617,0.9984566146247948,0.0015433853752051079,0.0013776916011837943,0.9999442960907048,0.9998158301870348,0.9959038672503832,61458,95,27,19571,122
0.6,0.9985089524466735,0.9985475845927276,0.9952199338927028,0.9986223083988162,0.9969182181697782,0.9979399736887729,0.9984728607866391,0.0015271392133608436,0.0013776916011837943,0.9999442960907048,0.9998158301870348,0.9959373170987841,61459,94,27,19571,121
0.61,0.9985089524466735,0.9985475845927276,0.9952199338927028,0.9986223083988162,0.9969182181697782,0.9979399736887729,0.9984728607866391,0.0015271392133608436,0.0013776916011837943,0.9999442960907048,0.9998158301870348,0.9959373170987841,61459,94,27,19571,121
0.62,0.9985459205678303,0.998571953835494,0.9953717831349812,0.9986223083988162,0.9969943963321447,0.997970506047688,0.998521599272172,0.0014784007278280506,0.0013776916011837943,0.9999442960907048,0.9998158301870348,0.996037680316454,61462,91,27,19571,118
0.63,0.9985459205678303,0.998571953835494,0.9953717831349812,0.9986223083988162,0.9969943963321447,0.997970506047688,0.998521599272172,0.0014784007278280506,0.0013776916011837943,0.9999442960907048,0.9998158301870348,0.996037680316454,61462,91,27,19571,118
0.64,0.9985582432748826,0.9985800769164161,0.995422409846905,0.9986223083988162,0.9970197916401334,0.9979806839158414,0.9985378454340162,0.0014621545659837863,0.0013776916011837943,0.9999442960907048,0.9998158301870348,0.9960711392807976,61463,90,27,19571,117
0.65,0.9985459205678303,0.9985371743824797,0.9954725811374504,0.9985202571690989,0.9969940900754025,0.9979092299847017,0.9985540915958605,0.001445908404139522,0.0014797428309011123,0.9999442960907048,0.9998158301870348,0.9960371262609167,61464,89,29,19569,118
0.66,0.9985335978607781,0.9985116615750504,0.995472350816503,0.9984692315542403,0.9969685390396128,0.9978684127324093,0.9985540915958605,0.001445908404139522,0.0015307684457597714,0.9999442960907048,0.9998158301870348,0.9960033890609331,61464,89,30,19568,119
0.67,0.9985335978607781,0.9985116615750504,0.995472350816503,0.9984692315542403,0.9969685390396128,0.9978684127324093,0.9985540915958605,0.001445908404139522,0.0015307684457597714,0.9999442960907048,0.9998158301870348,0.9960033890609331,61464,89,30,19568,119
0.68,0.9985335978607781,0.9985116615750504,0.995472350816503,0.9984692315542403,0.9969685390396128,0.9978684127324093,0.9985540915958605,0.001445908404139522,0.0015307684457597714,0.9999442960907048,0.9998158301870348,0.9960033890609331,61464,89,30,19568,119
0.6900000000000001,0.9985335978607781,0.9985116615750504,0.995472350816503,0.9984692315542403,0.9969685390396128,0.9978684127324093,0.9985540915958605,0.001445908404139522,0.0015307684457597714,0.9999442960907048,0.9998158301870348,0.9960033890609331,61464,89,30,19568,119
0.7000000000000001,0.9985335978607781,0.9985116615750504,0.995472350816503,0.9984692315542403,0.9969685390396128,0.9978684127324093,0.9985540915958605,0.001445908404139522,0.0015307684457597714,0.9999442960907048,0.9998158301870348,0.9960033890609331,61464,89,30,19568,119
0.7100000000000001,0.9985335978607781,0.9985116615750504,0.995472350816503,0.9984692315542403,0.9969685390396128,0.9978684127324093,0.9985540915958605,0.001445908404139522,0.0015307684457597714,0.9999442960907048,0.9998158301870348,0.9960033890609331,61464,89,30,19568,119
0.72,0.9985335978607781,0.9985116615750504,0.995472350816503,0.9984692315542403,0.9969685390396128,0.9978684127324093,0.9985540915958605,0.001445908404139522,0.0015307684457597714,0.9999442960907048,0.9998158301870348,0.9960033890609331,61464,89,30,19568,119
0.73,0.9985335978607781,0.9985116615750504,0.995472350816503,0.9984692315542403,0.9969685390396128,0.9978684127324093,0.9985540915958605,0.001445908404139522,0.0015307684457597714,0.9999442960907048,0.9998158301870348,0.9960033890609331,61464,89,30,19568,119
0.74,0.9984596616184643,0.9983585847304743,0.9954709683985548,0.9981630778650883,0.9968152054829422,0.9976234917332191,0.9985540915958605,0.001445908404139522,0.0018369221349117256,0.9999442960907048,0.9998158301870348,0.9958009649051357,61464,89,36,19562,125
0.75,0.998447338911412,0.9983156821965379,0.9955211726384365,0.998061026635371,0.9967894817306222,0.9975520195838433,0.9985703377577048,0.0014296622422952578,0.0019389733646290438,0.9999442960907048,0.9998158301870348,0.995766965640632,61465,88,38,19560,126
0.76,0.998447338911412,0.9983156821965379,0.9955211726384365,0.998061026635371,0.9967894817306222,0.9975520195838433,0.9985703377577048,0.0014296622422952578,0.0019389733646290438,0.9999442960907048,0.9998158301870348,0.995766965640632,61465,88,38,19560,126
0.77,0.9984350162043598,0.9982901693891085,0.9955209446734871,0.9980100010205123,0.9967639189705695,0.997511194524628,0.9985703377577048,0.0014296622422952578,0.001989998979487703,0.9999442960907048,0.9998158301870348,0.995733229147886,61465,88,39,19559,127
0.78,0.9984350162043598,0.9982901693891085,0.9955209446734871,0.9980100010205123,0.9967639189705695,0.997511194524628,0.9985703377577048,0.0014296622422952578,0.001989998979487703,0.9999442960907048,0.9998158301870348,0.995733229147886,61465,88,39,19559,127
0.79,0.9984350162043598,0.9982901693891085,0.9955209446734871,0.9980100010205123,0.9967639189705695,0.997511194524628,0.9985703377577048,0.0014296622422952578,0.001989998979487703,0.9999442960907048,0.9998158301870348,0.995733229147886,61465,88,39,19559,127
0.8,0.9984350162043598,0.9982553899360942,0.9956218500229089,0.997907949790795,0.9967635891032338,0.9974498903452849,0.9986028300813933,0.001397169918606729,0.0020920502092050207,0.9999442960907048,0.9998158301870348,0.9957327212215356,61467,86,41,19557,127
0.81,0.9984103707902552,0.9981869745947283,0.9956718773868323,0.997754872946219,0.996712286872085,0.9973375768889433,0.9986190762432375,0.0013809237567624648,0.002245127053780998,0.9999442960907048,0.9998158301870348,0.9956650072831607,61468,85,44,19554,129
0.8200000000000001,0.9983857253761507,0.9981185592533623,0.9957219251336898,0.997601796101643,0.9966609741798996,0.9972252542666816,0.9986353224050818,0.0013646775949182005,0.0023982038983569754,0.9999442960907048,0.9998158301870348,0.9955973019292065,61469,84,47,19551,131
0.8300000000000001,0.9983487572549937,0.9980246311045673,0.9957717778909831,0.9973976936422084,0.9965840726012032,0.9970720858582767,0.998651568566926,0.0013484314330739363,0.0026023063577916114,0.9999442960907048,0.9998158301870348,0.995495873711031,61470,83,51,19547,134
0.8400000000000001,0.9983734026690984,0.9980408772664116,0.9958732423069085,0.9973976936422084,0.9966348850252383,0.9970924301163028,0.9986840608906146,0.0013159391093854078,0.0026023063577916114,0.9999442960907048,0.9998158301870348,0.9955628841392172,61472,81,51,19547,132
0.85,0.9984226934973075,0.9980733695901001,0.9960762331838565,0.9973976936422084,0.9967365254194075,0.997133121123082,0.9987490455379916,0.0012509544620083505,0.0026023063577916114,0.9999442960907048,0.9998158301870348,0.9956969324359385,61476,77,51,19547,128
0.86,0.9985335978607781,0.9980247492328488,0.9968879138819448,0.9970405143381977,0.9969642082706192,0.9970099905095262,0.9990089841274998,0.0009910158725001219,0.0029594856618022245,0.9999442960907048,0.9998158301870348,0.995997543161602,61492,61,58,19540,119
0.87,0.9985459205678303,0.9980154825872638,0.9969894887233391,0.9969894887233391,0.9969894887233391,0.9969894887233391,0.9990414764511885,0.0009585235488115933,0.003010511276660884,0.9999442960907048,0.9998158301870348,0.9960309651745275,61494,59,59,19539,118
0.88,0.9985828886889871,0.9980398518300302,0.9971421280939015,0.9969894887233391,0.9970658025667849,0.9970200128588487,0.9990902149367212,0.0009097850632788004,0.003010511276660884,0.9999442960907048,0.9998158301870348,0.9961316761040468,61497,56,59,19539,115
0.89,0.9985828886889871,0.9980398518300302,0.9971421280939015,0.9969894887233391,0.9970658025667849,0.9970200128588487,0.9990902149367212,0.0009097850632788004,0.003010511276660884,0.9999442960907048,0.9998158301870348,0.9961316761040468,61497,56,59,19539,115
0.9,0.9985828886889871,0.9980398518300302,0.9971421280939015,0.9969894887233391,0.9970658025667849,0.9970200128588487,0.9990902149367212,0.0009097850632788004,0.003010511276660884,0.9999442960907048,0.9998158301870348,0.9961316761040468,61497,56,59,19539,115
0.91,0.9985705659819349,0.9979795595695864,0.9972434915773354,0.9968364118787632,0.9970399101765847,0.9969178012287971,0.9991227072604097,0.0008772927395902718,0.003163588121236861,0.9999442960907048,0.9998158301870348,0.9960977301436624,61499,54,62,19536,116
0.92,0.9985582432748826,0.9979192673091427,0.9973449068164412,0.9966833350341872,0.9970140111783171,0.9968155791665391,0.9991551995840983,0.0008448004159017432,0.003316664965812838,0.9999442960907048,0.9998158301870348,0.9960638064678515,61501,52,65,19533,117
0.93,0.9985952113960395,0.9979262468254019,0.9975485188968335,0.9966323094193285,0.997090203685742,0.996815416649655,0.9992201842314753,0.0007798157685246861,0.003367690580671497,0.9999442960907048,0.9998158301870348,0.9961644907923499,61505,48,66,19532,114
0.9400000000000001,0.9984226934973075,0.9975690675213913,0.9975467647960748,0.9959179508113073,0.9967316923705444,0.9962432879397293,0.9992201842314753,0.0007798157685246861,0.004082049188692724,0.9999442960907048,0.9998158301870348,0.9956927865398223,61505,48,80,19518,128
0.9500000000000001,0.9982994664267847,0.9972617702675763,0.9976982097186701,0.9952546178181447,0.996474915704506,0.9957423781421658,0.9992689227170081,0.0007310772829918932,0.0047453821818552915,0.9999442960907048,0.9998158301870348,0.9953556691257368,61508,45,93,19505,138
0.9600000000000001,0.9980776576998435,0.9967851500073412,0.997747055811572,0.9942851311358302,0.9960130852586383,0.9949755928187741,0.9992851688788523,0.0007148311211476289,0.0057148688641698135,0.9999442960907048,0.9998158301870348,0.9947491974193194,61509,44,112,19486,156
0.97,0.9978558489729024,0.9962911400205989,0.9978470371129793,0.993264618838657,0.995550554902061,0.9941777323799795,0.999317661202541,0.0006823387974591003,0.006735381161342994,0.9999442960907048,0.9998158301870348,0.9941427507634841,61511,42,132,19466,174
0.98,0.997535458589543,0.9956278070274365,0.9978441638435479,0.9919379528523319,0.9948822927328557,0.9931135950303451,0.999317661202541,0.0006823387974591003,0.008062047147668129,0.9999442960907048,0.9998158301870348,0.9932668160316975,61511,42,158,19440,200
0.9818838512514358,0.9974738450542815,0.9955002429902897,0.9978436104122812,0.9916828247780386,0.9947536788227768,0.992908888412061,0.999317661202541,0.0006823387974591003,0.008317175221961425,0.9999442960907048,0.9998158301870348,0.9930983631938609,61511,42,163,19435,205
0.99,0.9966605463888307,0.993816397699954,0.997836278398846,0.988315134197367,0.9930528852316132,0.9902047994437798,0.999317661202541,0.0006823387974591003,0.011684865802632921,0.9999442960907048,0.9998158301870348,0.9908746648944217,61511,42,229,19369,271
0.9968042868637739,0.9880839422804402,0.9756942994724895,0.9988753815669683,0.9517297683437086,0.974732826422095,0.9607994642765157,0.9996588306012705,0.00034116939872955014,0.048270231656291455,0.9999442960907048,0.9998158301870348,0.9674261528894327,61532,21,946,18652,967
0.9979879695133597,0.9781641631033505,0.9550347614063288,0.9992158619917105,0.9102969690784773,0.9526861048809142,0.9267917627745569,0.9997725537341803,0.0002274462658197001,0.08970303092152261,0.9999442960907048,0.9998158301870348,0.9402551718466567,61539,14,1758,17840,1772
0.9984415489454814,0.9688605192788752,0.935668253438142,0.9995318078071048,0.8714664761710379,0.9311162600517923,0.8943851527561034,0.9998700307052459,0.00012996929475411433,0.12853352382896213,0.9999442960907048,0.9998158301870348,0.9146953343055665,61545,8,2519,17079,2527
0.9988103351231972,0.9585340907690602,0.9141494030003061,1.0,0.8282988060006123,0.906086907984706,0.8577542932628798,1.0,0.0,0.17170119399938769,0.9999442960907048,0.9998158301870348,0.8862077918714301,61553,0,3365,16233,3365
0.9991292957274809,0.948675925127232,0.8937391570568425,1.0,0.7874783141136851,0.8811053067283263,0.8224353850253131,1.0,0.0,0.21252168588631493,0.9999442960907048,0.9998158301870348,0.8588191992872666,61553,0,4165,15433,4165
0.9992708474043628,0.9386945324148809,0.8730737830390856,1.0,0.7461475660781712,0.8546214312848835,0.7860560124711068,1.0,0.0,0.25385243392182877,0.9999442960907048,0.9998158301870348,0.8308731825813452,61553,0,4975,14623,4975
0.9994649219023078,0.928676171581373,0.8523318705990407,1.0,0.7046637411980814,0.8267480842911877,0.7488991562005163,1.0,0.0,0.29533625880191855,0.9999442960907048,0.9998158301870348,0.8025568285737303,61553,0,5788,13810,5788
0.9995913647591581,0.919039814666486,0.832380855189305,1.0,0.6647617103786101,0.7986268620118924,0.712535550207832,1.0,0.0,0.33523828962138996,0.9999442960907048,0.9998158301870348,0.7750161062202267,61553,0,6570,13028,6570
0.9996087098626344,0.9131988515237027,0.8202877844678028,1.0,0.6405755689356056,0.780915650659368,0.690189782948123,1.0,0.0,0.3594244310643943,0.9999442960907048,0.9998158301870348,0.7581536609099928,61553,0,7044,12554,7044
0.9996113391568345,0.9027368732363126,0.7986274109603021,1.0,0.5972548219206042,0.7478516436124333,0.649577677392144,1.0,0.0,0.40274517807939586,0.9999442960907048,0.9998158301870348,0.727580124262217,61553,0,7893,11705,7893
0.9996253139680056,0.8886766644896551,0.769517297683437,1.0,0.5390345953668741,0.7004840527816458,0.5937766985925627,1.0,0.0,0.46096540463312585,0.9999442960907048,0.9998158301870348,0.6855996223563344,61553,0,9034,10564,9034
0.9996714988741853,0.8790649529888725,0.7496173078885601,1.0,0.49923461577712014,0.6659859778095433,0.5547994919252405,1.0,0.0,0.5007653842228799,0.9999442960907048,0.9998158301870348,0.6561879292313195,61553,0,9814,9784,9814
0.9997041037409076,0.8685906519944301,0.72793142157363,1.0,0.45586284314725994,0.6262442170194868,0.5115315026452603,1.0,0.0,0.5441371568527401,0.9999442960907048,0.9998158301870348,0.6233356818634193,61553,0,10664,8934,10664
0.9997118452592455,0.860420697218765,0.7110164302479844,1.0,0.422032860495969,0.593562739961965,0.4771932658689406,1.0,0.0,0.577967139504031,0.9999442960907048,0.9998158301870348,0.597026439037067,61553,0,11327,8271,11327
0.9997170423367961,0.8488373525896169,0.6870343912644148,1.0,0.37406878252882947,0.5444687882951464,0.42759819418359135,1.0,0.0,0.6259312174711705,0.9999442960907048,0.9998158301870348,0.5584873299220982,61553,0,12267,7331,12267
0.9997192771198993,0.8429717440327291,0.6748902949280539,1.0,0.34978058985610777,0.5182777000718255,0.40206693490680023,1.0,0.0,0.6502194101438923,0.9999442960907048,0.9998158301870348,0.5383190500907453,61553,0,12743,6855,12743
0.9997206805033109,0.8297987701938362,0.6476171037861006,1.0,0.29523420757220126,0.4558777182477151,0.3436764950462116,1.0,0.0,0.7047657924277988,0.9999442960907048,0.9998158301870348,0.49104704122109155,61553,0,13812,5786,13812
0.9997220110840869,0.8268906113294968,0.6415960812327789,1.0,0.28319216246555773,0.44138698902497214,0.3305854042076672,1.0,0.0,0.7168078375344423,0.9999442960907048,0.9998158301870348,0.4801771141238692,61553,0,14048,5550,14048
0.9997230069316316,0.7788566992396889,0.5421471578732524,1.0,0.08429431574650474,0.15548235294117646,0.10319324371595623,1.0,0.0,0.9157056842534953,0.9999442960907048,0.9998158301870348,0.25547177428977963,61553,0,17946,1652,17946
0.9997247189095464,0.7686411750933445,0.5209970405143381,1.0,0.0419940810286764,0.08060330052397043,0.05194723221612069,1.0,0.0,0.9580059189713236,0.9999442960907048,0.9998158301870348,0.17938460813339663,61553,0,18775,823,18775
